{
  "q-intro": 0.01658374792703151,
  "sequence": 0.019071310116086235,
  "1-1": 0.006633499170812604,
  "pattern": 0.01824212271973466,
  "1-2": 0.008291873963515755,
  "arithmetic": 0.03814262023217247,
  "2-1": 0.011608623548922056,
  "difference": 0.03731343283582089,
  "2-2": 0.009950248756218905,
  "2-3": 0.01658374792703151,
  "formula": 0.03814262023217247,
  "4-1": 0.008291873963515755,
  "recursive-1": 0.18407960199004975,
  "4-2": 0.1111111111111111,
  "recursive-2": 0.0439469320066335,
  "4-2b": 0.05638474295190713,
  "explicit-1": 0.05555555555555555,
  "4-3": 0.0406301824212272,
  "explicit-2": 0.04975124378109453,
  "4-4": 0.03731343283582089,
  "explicit-3": 0.07877280265339967,
  "4-5": 0.0978441127694859,
  "4-5b": 0.015754560530679935
}